,Id,y
0,900,53.4922887241
1,901,27.3390025991
2,902,-9.98899448034
3,903,-21.7737330373
4,904,6.71175624836
5,905,-37.203605835
6,906,69.5362747482
7,907,14.4490099497
8,908,35.0032311258
9,909,144.163952459
10,910,-18.8139804191
11,911,-77.3073949692
12,912,4.81824854187
13,913,-13.2742957782
14,914,35.3608322805
15,915,35.4663245748
16,916,-10.8436382406
17,917,-99.2926177884
18,918,56.9403466332
19,919,-19.9942243613
20,920,91.7191226218
21,921,79.5675303132
22,922,73.9206911595
23,923,22.9690273594
24,924,-6.22822998678
25,925,11.9955055225
26,926,4.83927005401
27,927,-17.6821995646
28,928,-23.6462335871
29,929,-22.4576984474
30,930,19.2721945862
31,931,53.478865337
32,932,30.9973096217
33,933,-51.6035340236
34,934,-15.753863247
35,935,33.3030352988
36,936,-2.68248567794
37,937,1.16867198163
38,938,-37.9912079094
39,939,8.90816855064
40,940,29.9634871105
41,941,-7.67916390031
42,942,-9.8190991826
43,943,44.2399348241
44,944,13.7007076585
45,945,1.50735488393
46,946,94.0201510387
47,947,7.58202299007
48,948,-16.7779169779
49,949,16.7012457112
50,950,36.9160840523
51,951,-1.87964243509
52,952,-18.1943197329
53,953,15.913045472
54,954,18.4291497868
55,955,-25.4725033441
56,956,-3.11297185607
57,957,-8.88887455192
58,958,-39.0278106455
59,959,-10.9156435856
60,960,-6.15225673352
61,961,-9.27221647357
62,962,30.586344963
63,963,-41.3932056468
64,964,-31.9133884277
65,965,35.9240186556
66,966,-2.02674521076
67,967,-56.9401999889
68,968,-13.7965095819
69,969,-14.2827016507
70,970,-86.5107232228
71,971,28.1384374773
72,972,15.3972872794
73,973,-1.24950222834
74,974,73.0858186616
75,975,-54.5303272418
76,976,5.53733087632
77,977,-29.4771523414
78,978,65.5608378697
79,979,-20.2910343157
80,980,53.0258492175
81,981,-52.8326873807
82,982,-41.7582728311
83,983,94.9821488093
84,984,16.6089724139
85,985,-15.098532008
86,986,2.90706687703
87,987,-119.815238142
88,988,72.9463298054
89,989,62.3075963251
90,990,-7.81611936868
91,991,-53.4061289071
92,992,-38.0870165713
93,993,37.6786168293
94,994,-14.7501488299
95,995,-4.00070515915
96,996,-9.94241937556
97,997,4.99458005673
98,998,31.8913543906
99,999,-19.9374466877
100,1000,-14.3772214194
101,1001,75.3678434456
102,1002,-36.9645147116
103,1003,8.71548993847
104,1004,-47.3545282294
105,1005,47.4419991146
106,1006,15.6887811988
107,1007,30.2107945271
108,1008,-72.9168678117
109,1009,-2.46704370361
110,1010,84.2877613128
111,1011,-28.5057069672
112,1012,-1.16235452293
113,1013,-15.7348158155
114,1014,-28.9277353263
115,1015,77.2582468334
116,1016,-5.86103669903
117,1017,-91.0155499309
118,1018,-10.0781021826
119,1019,0.374800849604
120,1020,-52.7349318487
121,1021,8.51550506937
122,1022,-2.14505893392
123,1023,23.6554224018
124,1024,-22.2736674711
125,1025,-20.8096063282
126,1026,-45.4496205797
127,1027,8.48987792192
128,1028,18.5261479728
129,1029,19.9851159485
130,1030,-13.7321194001
131,1031,53.0219058794
132,1032,61.5781704092
133,1033,-36.1404891685
134,1034,-11.5398524353
135,1035,-8.0049677225
136,1036,9.46169606756
137,1037,20.961280555
138,1038,0.386393884981
139,1039,10.3059672459
140,1040,-31.3674468673
141,1041,52.4631991705
142,1042,23.2007272609
143,1043,13.9301497306
144,1044,-35.4933409986
145,1045,12.9293553095
146,1046,18.5773553057
147,1047,-2.97963248153
148,1048,4.09912707579
149,1049,-24.7395007949
150,1050,-11.960088033
151,1051,-17.636477642
152,1052,-1.78170477925
153,1053,44.2048474834
154,1054,55.5523691266
155,1055,-9.97655141252
156,1056,-82.4943834989
157,1057,6.10960652704
158,1058,-39.1998725396
159,1059,32.5407190538
160,1060,0.340495689627
161,1061,-55.4909194202
162,1062,27.7334551002
163,1063,32.3212147743
164,1064,-30.0806063085
165,1065,-39.0939914189
166,1066,51.1911838494
167,1067,-9.95924729902
168,1068,62.1882845473
169,1069,31.859741963
170,1070,10.6789807109
171,1071,23.214603748
172,1072,1.06813201005
173,1073,119.082916812
174,1074,-14.0032506604
175,1075,9.69110887344
176,1076,-18.6989919328
177,1077,70.2544825902
178,1078,-14.8408793834
179,1079,-28.7569882118
180,1080,2.24666075554
181,1081,58.5231009203
182,1082,-9.95906662968
183,1083,-0.433852708998
184,1084,33.2672962346
185,1085,32.8116852561
186,1086,30.8003090991
187,1087,3.1147188953
188,1088,21.8823491484
189,1089,53.209761505
190,1090,-77.176776613
191,1091,-3.26990239112
192,1092,-101.700370291
193,1093,-92.847130128
194,1094,-50.7181178269
195,1095,57.6929193228
196,1096,-6.84611896852
197,1097,-79.1870120269
198,1098,7.51466119027
199,1099,33.5917687718
200,1100,91.1581574595
201,1101,33.1437515847
202,1102,-38.1300213199
203,1103,26.6718177141
204,1104,-10.7024878717
205,1105,22.0619091393
206,1106,18.6897901151
207,1107,22.2281677465
208,1108,36.2182635625
209,1109,38.2457564291
210,1110,-47.4702975453
211,1111,3.58690706882
212,1112,-0.560073036639
213,1113,-60.9610276403
214,1114,34.4939432051
215,1115,-41.2160222009
216,1116,9.29924526361
217,1117,-16.2427374219
218,1118,-73.0649879953
219,1119,18.8745389071
220,1120,-4.85064973225
221,1121,47.095263309
222,1122,13.3124340577
223,1123,-66.3821313912
224,1124,8.72164944142
225,1125,87.8966264864
226,1126,-7.56039399534
227,1127,89.234834917
228,1128,6.99158188832
229,1129,8.21287234028
230,1130,-25.2415298727
231,1131,6.23314968801
232,1132,40.9018094905
233,1133,-36.7427192772
234,1134,-20.4159070426
235,1135,3.36355449102
236,1136,26.8876615263
237,1137,144.180300174
238,1138,70.6633843261
239,1139,-43.9281939553
240,1140,80.3674065549
241,1141,60.6399978526
242,1142,-5.95751251907
243,1143,98.5318692665
244,1144,7.22384249782
245,1145,-6.4118389871
246,1146,-62.712603924
247,1147,12.4509758547
248,1148,109.548955157
249,1149,54.781436357
250,1150,6.94848334319
251,1151,-0.341605817183
252,1152,-6.15975224019
253,1153,59.9286195032
254,1154,24.0981911125
255,1155,-0.259257163365
256,1156,41.8059330752
257,1157,28.389761938
258,1158,-8.9532355709
259,1159,-0.117713806625
260,1160,-46.8339876886
261,1161,-53.8577543446
262,1162,-0.521592632612
263,1163,35.5116725179
264,1164,75.2768085957
265,1165,77.3171100713
266,1166,9.68988881957
267,1167,70.5567820655
268,1168,9.00646777509
269,1169,-38.6857005229
270,1170,50.1163279464
271,1171,5.11699389599
272,1172,50.8932502639
273,1173,31.6147654136
274,1174,-24.7502055133
275,1175,-25.4348985252
276,1176,-16.9852868869
277,1177,-23.9664096901
278,1178,62.2377057994
279,1179,103.857971663
280,1180,-49.1506638943
281,1181,37.577046083
282,1182,-12.720493312
283,1183,13.2020676894
284,1184,38.11450342
285,1185,62.0947532492
286,1186,30.7150509838
287,1187,-15.401410892
288,1188,29.3762840644
289,1189,-22.6673643635
290,1190,86.9786620042
291,1191,5.76455010396
292,1192,6.74066876489
293,1193,46.8375393894
294,1194,-7.00573923352
295,1195,89.5037006784
296,1196,118.991791486
297,1197,-2.87342330077
298,1198,23.7518036211
299,1199,68.1721338117
300,1200,6.03449047495
301,1201,35.0263592255
302,1202,31.8053314283
303,1203,47.3787978962
304,1204,-70.5523145804
305,1205,67.2898674895
306,1206,29.3782969162
307,1207,198.863134264
308,1208,-12.3689444576
309,1209,50.5836047023
310,1210,-79.0463646768
311,1211,-41.485270994
312,1212,26.783404748
313,1213,26.4919122419
314,1214,23.2982321905
315,1215,75.1295490532
316,1216,59.8291057956
317,1217,169.842847968
318,1218,-3.70635128438
319,1219,7.01322024598
320,1220,48.0210157499
321,1221,34.3810832558
322,1222,9.07692497395
323,1223,-3.60763264509
324,1224,-25.6516917321
325,1225,13.7975709071
326,1226,48.6769342968
327,1227,-57.7129814948
328,1228,-20.9717688548
329,1229,63.7507904885
330,1230,27.2836346904
331,1231,6.44442554083
332,1232,15.6222235167
333,1233,-1.43492749572
334,1234,144.746179587
335,1235,-190.460100545
336,1236,-17.600683739
337,1237,-8.74314722835
338,1238,-63.1445039777
339,1239,122.649353059
340,1240,65.9776897842
341,1241,-82.9514011319
342,1242,-3.25608218896
343,1243,-58.4219377079
344,1244,-9.726628091
345,1245,31.9267728971
346,1246,-11.9128976679
347,1247,25.2605012156
348,1248,29.6170347226
349,1249,45.9932480906
350,1250,49.1567600005
351,1251,-113.219178526
352,1252,-54.6754545522
353,1253,13.0068242671
354,1254,17.3726077345
355,1255,40.2973699096
356,1256,11.2496394168
357,1257,41.6765797311
358,1258,10.1701090405
359,1259,65.3581193608
360,1260,-24.6987189824
361,1261,-5.54088847383
362,1262,-37.440502299
363,1263,-41.0566721902
364,1264,6.56982191503
365,1265,-16.3432367068
366,1266,-41.2538538471
367,1267,0.329693719563
368,1268,17.196998215
369,1269,17.3920275143
370,1270,14.4473776414
371,1271,88.1927433924
372,1272,36.2594192833
373,1273,-10.8113300006
374,1274,30.7113889646
375,1275,40.7450764774
376,1276,31.3735994169
377,1277,-32.2262076209
378,1278,-16.0684574119
379,1279,-73.5892211661
380,1280,-33.8697002819
381,1281,108.985820777
382,1282,-48.3731187851
383,1283,126.90705511
384,1284,15.2838631359
385,1285,-89.7850937923
386,1286,-10.7911771354
387,1287,12.846541901
388,1288,27.6069990361
389,1289,-69.3409044256
390,1290,32.7897091486
391,1291,74.2176872955
392,1292,69.0531729596
393,1293,14.4196645169
394,1294,26.2420807361
395,1295,2.10676822728
396,1296,-9.76501073357
397,1297,2.63320726602
398,1298,7.61432374081
399,1299,31.0923111168
400,1300,19.7757089715
401,1301,28.1485600062
402,1302,57.8202652095
403,1303,-78.6088011977
404,1304,-14.959325944
405,1305,-20.6045520455
406,1306,-34.1231915243
407,1307,26.6117073576
408,1308,16.9344881088
409,1309,-5.25404309946
410,1310,121.85638565
411,1311,-29.7955993193
412,1312,57.7131235626
413,1313,5.04168987225
414,1314,169.395328478
415,1315,19.9648752296
416,1316,-12.3103386875
417,1317,18.2249315761
418,1318,-18.7574184303
419,1319,-18.4144201261
420,1320,-30.7723541315
421,1321,51.6856085738
422,1322,-37.1000355842
423,1323,-24.706847128
424,1324,106.046766588
425,1325,-53.4016354282
426,1326,-7.70424836571
427,1327,14.9660100734
428,1328,34.1727026652
429,1329,-39.3330965336
430,1330,-7.44290565936
431,1331,22.6143294205
432,1332,22.1425874526
433,1333,-32.1130409835
434,1334,1.13604693898
435,1335,19.6972098564
436,1336,-6.07333478775
437,1337,-60.9563920963
438,1338,-74.6793277856
439,1339,62.0027301017
440,1340,-39.6779222888
441,1341,-38.7589210824
442,1342,8.45320401568
443,1343,125.295527924
444,1344,-48.5965144347
445,1345,-5.04886996349
446,1346,-17.964573817
447,1347,55.1316969726
448,1348,90.0420999481
449,1349,37.2999274915
450,1350,-79.6369227593
451,1351,17.083384194
452,1352,42.2774478375
453,1353,12.0038728576
454,1354,-20.7661638787
455,1355,11.7314359549
456,1356,120.304083636
457,1357,-1.95915633484
458,1358,-1.71908924289
459,1359,-66.3882169614
460,1360,-9.81545712765
461,1361,56.9366825918
462,1362,-8.55936467707
463,1363,21.7192979743
464,1364,-108.073937186
465,1365,-73.9439860959
466,1366,-20.340064515
467,1367,-54.5751281742
468,1368,37.6243795195
469,1369,-4.94785056456
470,1370,-53.0202943857
471,1371,105.345817169
472,1372,54.9723267243
473,1373,11.2630626543
474,1374,51.6392295127
475,1375,-55.7745822708
476,1376,-26.3573027718
477,1377,-88.4682963326
478,1378,17.6776113345
479,1379,-6.90688356066
480,1380,14.1301866515
481,1381,92.783499855
482,1382,30.700136052
483,1383,-0.785889387316
484,1384,145.063497371
485,1385,-53.6733135359
486,1386,-1.96131862113
487,1387,-40.1984609291
488,1388,25.7861405124
489,1389,22.7356085748
490,1390,8.3888663214
491,1391,33.298547031
492,1392,21.2265248416
493,1393,5.84526864189
494,1394,-17.8735373367
495,1395,-21.5583917965
496,1396,103.331816216
497,1397,175.366152947
498,1398,23.1130013943
499,1399,-21.3326115005
500,1400,30.6008783612
501,1401,-11.4926725985
502,1402,-43.4131736552
503,1403,2.21774770321
504,1404,-27.3200734137
505,1405,81.6341849531
506,1406,24.9105574935
507,1407,-3.01173350854
508,1408,18.8699410835
509,1409,9.74850630885
510,1410,79.6614020857
511,1411,-28.0919616598
512,1412,-50.0125044298
513,1413,28.8667819811
514,1414,51.4642441051
515,1415,27.395237686
516,1416,-1.481645501
517,1417,-67.2354569641
518,1418,-96.2620767982
519,1419,-0.807843708268
520,1420,16.6183737181
521,1421,-44.9933714265
522,1422,33.9011075736
523,1423,-107.062466731
524,1424,-17.2085845371
525,1425,103.678808754
526,1426,22.3280555299
527,1427,50.5698562395
528,1428,-35.9395712704
529,1429,-33.8140541286
530,1430,10.2142182713
531,1431,-16.2834773343
532,1432,-64.3728495613
533,1433,8.27520666805
534,1434,49.9690494649
535,1435,-10.2581931467
536,1436,32.8478549392
537,1437,33.0105791374
538,1438,16.9105355899
539,1439,-76.9002120579
540,1440,70.8385610831
541,1441,-9.31255450301
542,1442,-39.6851649977
543,1443,-10.0788069239
544,1444,-23.1301177657
545,1445,49.0886586541
546,1446,-55.3697257536
547,1447,-17.820271733
548,1448,59.2886054475
549,1449,16.3426809312
550,1450,-4.72008245871
551,1451,36.158581251
552,1452,-3.00407215782
553,1453,-22.8215476428
554,1454,-36.6079652977
555,1455,3.327854429
556,1456,19.9633872466
557,1457,89.5907090618
558,1458,40.713473126
559,1459,50.0958762233
560,1460,45.0995622449
561,1461,12.7100614291
562,1462,-57.3415560178
563,1463,-50.0480867477
564,1464,2.54377840205
565,1465,28.2466267659
566,1466,18.3065018919
567,1467,55.7287689709
568,1468,-54.7744129047
569,1469,9.666147576
570,1470,57.6494037013
571,1471,-15.5180786334
572,1472,-32.0269721017
573,1473,-13.237121166
574,1474,-60.947043581
575,1475,-37.5211875753
576,1476,96.2058805785
577,1477,8.81988903648
578,1478,-13.3393417402
579,1479,40.5426885138
580,1480,-69.2491762238
581,1481,4.93199705833
582,1482,-16.2433033207
583,1483,13.4028097222
584,1484,-20.8011280153
585,1485,14.4795564863
586,1486,-20.4746383743
587,1487,-47.2214209858
588,1488,-4.6299820335
589,1489,8.14563274988
590,1490,10.8818934434
591,1491,19.5485816457
592,1492,-9.16877371029
593,1493,-36.1052595731
594,1494,10.4988975949
595,1495,17.5838671517
596,1496,-1.01824200704
597,1497,-15.4146282228
598,1498,99.5691708503
599,1499,-18.421125094
600,1500,28.2561239491
601,1501,-76.9070807649
602,1502,34.3431912363
603,1503,82.4799493897
604,1504,-22.6552478211
605,1505,39.8779632994
606,1506,35.3875352993
607,1507,-13.5954719356
608,1508,28.6282953071
609,1509,-37.1520971345
610,1510,-19.7321269413
611,1511,87.4271841732
612,1512,31.1487412525
613,1513,33.1153173555
614,1514,109.511319743
615,1515,14.1910118793
616,1516,12.433173899
617,1517,9.34642886394
618,1518,-10.0998587767
619,1519,31.300127292
620,1520,-31.2714010401
621,1521,61.0318530857
622,1522,-26.8122117202
623,1523,-16.6980910627
624,1524,23.5839424177
625,1525,40.1716419294
626,1526,54.9401915703
627,1527,33.9148648024
628,1528,13.5186368551
629,1529,19.7660326629
630,1530,-55.7261052557
631,1531,87.1651306389
632,1532,-1.79197023285
633,1533,54.8938299611
634,1534,2.09382326644
635,1535,-6.82987400728
636,1536,45.1705111423
637,1537,18.5208504589
638,1538,27.2830490963
639,1539,2.22361933241
640,1540,60.7508585837
641,1541,-1.61740821922
642,1542,-26.5567743442
643,1543,53.5662799439
644,1544,14.9194350671
645,1545,-9.31585121728
646,1546,69.8082692614
647,1547,-13.9828786399
648,1548,76.8319682841
649,1549,40.7254817944
650,1550,26.0197224959
651,1551,6.10311691614
652,1552,23.1391510227
653,1553,-15.1023824675
654,1554,-31.4980569906
655,1555,-37.8420091729
656,1556,86.2960678493
657,1557,27.8258118674
658,1558,-11.8358729373
659,1559,105.569892586
660,1560,-6.33548107466
661,1561,-28.8003521378
662,1562,45.2497448482
663,1563,-87.3978518193
664,1564,-26.3393881396
665,1565,80.0584358166
666,1566,17.4676988887
667,1567,-1.38800227279
668,1568,15.830878089
669,1569,31.4172699022
670,1570,-79.9679614223
671,1571,-18.5424937591
672,1572,-191.960893959
673,1573,-11.2905662437
674,1574,-28.3889866509
675,1575,-5.11773421372
676,1576,38.4632685456
677,1577,-0.990923817037
678,1578,16.7449873571
679,1579,-28.4874289033
680,1580,38.2005109746
681,1581,34.2817961031
682,1582,36.5467343454
683,1583,-49.7352235514
684,1584,2.11587554573
685,1585,-58.0348533076
686,1586,58.2400775953
687,1587,51.6137692075
688,1588,-9.17577002114
689,1589,56.0329359811
690,1590,-16.7757191494
691,1591,0.593537290994
692,1592,20.8654139918
693,1593,-42.078271565
694,1594,-13.3403103887
695,1595,-16.5093639054
696,1596,-5.85320972723
697,1597,65.6387026941
698,1598,74.0823283962
699,1599,10.90056664
700,1600,9.6419655415
701,1601,-36.3344646587
702,1602,1.07236657917
703,1603,-5.83439347252
704,1604,94.0237720161
705,1605,-27.3316448621
706,1606,-43.0379624377
707,1607,-26.7493531241
708,1608,36.4953171737
709,1609,-51.4766208034
710,1610,7.87961300601
711,1611,28.1180765479
712,1612,-3.97492454068
713,1613,-84.420947255
714,1614,16.7928269538
715,1615,-61.8162891971
716,1616,11.274571807
717,1617,15.4722425201
718,1618,-107.647287447
719,1619,41.5295124938
720,1620,-18.4943483144
721,1621,39.2291375813
722,1622,1.51116628384
723,1623,-50.5775180763
724,1624,55.5446578721
725,1625,44.7470098502
726,1626,-54.3523629254
727,1627,-50.8477568285
728,1628,-23.6628822775
729,1629,15.6611846007
730,1630,-23.8959638978
731,1631,44.0712807938
732,1632,-26.3207344188
733,1633,-21.483866083
734,1634,4.05656781456
735,1635,84.4052731859
736,1636,83.7709677832
737,1637,69.8235723903
738,1638,-50.7015630237
739,1639,28.9040175889
740,1640,29.8620716826
741,1641,94.3265393816
742,1642,-10.7521762317
743,1643,-18.2169040361
744,1644,-13.1586074952
745,1645,-5.77194670689
746,1646,-37.2974424187
747,1647,19.7640195969
748,1648,29.0362087506
749,1649,7.7455491856
750,1650,-41.43601832
751,1651,95.5322482265
752,1652,36.2397690734
753,1653,22.5978518135
754,1654,35.650861183
755,1655,2.1917745339
756,1656,-22.0204666966
757,1657,1.72350884908
758,1658,2.07777203314
759,1659,-15.9526205135
760,1660,-8.50856218867
761,1661,22.6012219838
762,1662,-32.1234608596
763,1663,-3.79176794462
764,1664,43.1958101049
765,1665,14.1134011304
766,1666,-78.1307920683
767,1667,-31.8113243484
768,1668,-2.22735998903
769,1669,26.3401793516
770,1670,6.2566622143
771,1671,71.3357571067
772,1672,19.7821273904
773,1673,21.5749468108
774,1674,-1.9720601839
775,1675,-47.0363354222
776,1676,-3.56177656747
777,1677,40.0168804922
778,1678,-147.476474969
779,1679,71.3210523108
780,1680,-7.94765736382
781,1681,25.7984406392
782,1682,-13.8277510686
783,1683,36.6053700296
784,1684,131.784815552
785,1685,-66.1455746568
786,1686,41.7122148847
787,1687,50.9982287257
788,1688,111.51089801
789,1689,38.2002930406
790,1690,-32.2392208487
791,1691,-58.0413021663
792,1692,86.8161549206
793,1693,33.1221358682
794,1694,55.0145393861
795,1695,7.2580721657
796,1696,-21.289420922
797,1697,161.001958057
798,1698,73.4705648132
799,1699,36.6590825994
800,1700,6.88188596929
801,1701,41.6153075028
802,1702,40.4649047447
803,1703,-28.3156893761
804,1704,32.564518103
805,1705,-44.2105769038
806,1706,-49.4193298682
807,1707,-109.679720557
808,1708,-28.7176573194
809,1709,-42.2876876685
810,1710,21.4833218375
811,1711,32.7368580358
812,1712,-0.227919622258
813,1713,35.4512776238
814,1714,-23.7572563897
815,1715,18.0636644128
816,1716,2.71532186837
817,1717,124.528461873
818,1718,-20.1190233867
819,1719,-53.9490759858
820,1720,19.0516525021
821,1721,63.9074106523
822,1722,19.6486074561
823,1723,34.0879314147
824,1724,-119.59515284
825,1725,3.2793372132
826,1726,60.2569671415
827,1727,56.1852985418
828,1728,20.0648977795
829,1729,-30.8636897142
830,1730,28.8824228613
831,1731,65.5201248341
832,1732,14.8224234351
833,1733,-60.1380717689
834,1734,-2.32799298852
835,1735,6.39492758163
836,1736,-80.1012784917
837,1737,-34.8650731123
838,1738,-11.9982960297
839,1739,25.7175252203
840,1740,75.0116938715
841,1741,-50.6376047882
842,1742,-30.9520492873
843,1743,32.8816975002
844,1744,26.2955601011
845,1745,-19.9091258112
846,1746,-54.8761018963
847,1747,-33.9335580001
848,1748,44.7287229209
849,1749,-67.9810843561
850,1750,12.7481772518
851,1751,50.8078486564
852,1752,-44.0131844246
853,1753,-6.46291658229
854,1754,26.3132575569
855,1755,85.1437688489
856,1756,-64.082715421
857,1757,71.6989108901
858,1758,-43.8214976714
859,1759,-7.39771289612
860,1760,0.159967757274
861,1761,5.05037127487
862,1762,17.118507326
863,1763,-34.6785447382
864,1764,33.246097555
865,1765,61.3574557874
866,1766,67.4022270947
867,1767,-48.2333294782
868,1768,-6.19884051385
869,1769,-44.9100213796
870,1770,48.5214355354
871,1771,-33.6330698621
872,1772,39.6345223863
873,1773,-113.836770584
874,1774,-2.8259177146
875,1775,-24.9303729891
876,1776,38.1943979439
877,1777,-11.492670769
878,1778,-2.35228718694
879,1779,-86.1309389326
880,1780,47.387483131
881,1781,53.7427023257
882,1782,-13.2285131253
883,1783,21.7349610839
884,1784,8.75845468061
885,1785,-78.7029964765
886,1786,34.3099558183
887,1787,9.248643052
888,1788,48.6842822699
889,1789,-36.9424275621
890,1790,6.075000654
891,1791,-6.11591316156
892,1792,-29.0414128383
893,1793,-52.7908827237
894,1794,26.7849761087
895,1795,29.1409607171
896,1796,5.29586220766
897,1797,8.19709535603
898,1798,-60.8306654816
899,1799,32.4511164488
900,1800,-41.5115111733
901,1801,42.6207054361
902,1802,10.654766207
903,1803,-37.4369535388
904,1804,-22.1107734269
905,1805,-6.19203543392
906,1806,82.1677040626
907,1807,5.49542810884
908,1808,1.79858716548
909,1809,-28.903188065
910,1810,60.2750898147
911,1811,-14.3626340743
912,1812,-29.620402433
913,1813,-79.4290913517
914,1814,36.6379403588
915,1815,-88.761255572
916,1816,11.203140528
917,1817,-28.5420132608
918,1818,4.31250301216
919,1819,24.5721456768
920,1820,34.2561335307
921,1821,-30.0143929214
922,1822,-57.8817902043
923,1823,-26.6693621892
924,1824,-32.8806657738
925,1825,15.069387687
926,1826,131.371216694
927,1827,5.47528070461
928,1828,63.7933174354
929,1829,25.5589553827
930,1830,-90.7941157833
931,1831,-49.6784478015
932,1832,16.3974766906
933,1833,41.591678807
934,1834,-42.8420279459
935,1835,-29.7646850812
936,1836,-2.59377073087
937,1837,-6.69244006963
938,1838,60.6555049236
939,1839,1.57195881323
940,1840,23.6099116886
941,1841,27.1493117039
942,1842,51.9146372808
943,1843,12.5873734993
944,1844,-44.2578645134
945,1845,14.5192251997
946,1846,-15.3995718992
947,1847,18.7956854005
948,1848,21.1081546161
949,1849,49.0846447818
950,1850,1.26571667119
951,1851,59.1123426195
952,1852,65.4050134005
953,1853,-42.1516468884
954,1854,-22.449338777
955,1855,32.9076787029
956,1856,7.31308331938
957,1857,-19.9691539516
958,1858,-106.93148401
959,1859,-12.2229707247
960,1860,-10.1417244664
961,1861,-165.793533148
962,1862,-19.7162255846
963,1863,-1.00964693396
964,1864,-17.9824107134
965,1865,-6.29318174692
966,1866,-25.282271157
967,1867,-17.8644188622
968,1868,-8.2247112001
969,1869,122.080064368
970,1870,35.2069739819
971,1871,42.856952953
972,1872,-15.0112863915
973,1873,4.43408534842
974,1874,54.1777563557
975,1875,-5.42788672801
976,1876,-21.7191376559
977,1877,6.54832916415
978,1878,-19.7788884885
979,1879,41.8803496179
980,1880,31.8638058648
981,1881,-56.6009598466
982,1882,-11.8805110143
983,1883,-1.49675784796
984,1884,-39.1577421013
985,1885,29.1060367256
986,1886,67.0300003402
987,1887,14.6710969429
988,1888,39.9774455173
989,1889,17.4435848192
990,1890,9.6210922552
991,1891,7.79791920041
992,1892,-2.86173977081
993,1893,75.7550555497
994,1894,-116.721569552
995,1895,104.666346528
996,1896,8.60105562481
997,1897,-80.0069806335
998,1898,-73.1901041364
999,1899,54.4269787323
1000,1900,2.86907019263
1001,1901,32.4958260226
1002,1902,-67.3840121912
1003,1903,-17.1146197221
1004,1904,61.7840583846
1005,1905,13.84677909
1006,1906,-33.508826452
1007,1907,-17.1289732146
1008,1908,30.459603681
1009,1909,-64.2835921346
1010,1910,-16.591846357
1011,1911,-13.5522014638
1012,1912,-31.1339465321
1013,1913,24.2245258827
1014,1914,-28.7854908634
1015,1915,6.6110835138
1016,1916,-13.6300304683
1017,1917,-47.2073857983
1018,1918,34.8404268274
1019,1919,-19.0763460712
1020,1920,61.3227613416
1021,1921,3.73222185719
1022,1922,20.8124752597
1023,1923,-54.635363245
1024,1924,-17.3825227808
1025,1925,107.688092452
1026,1926,55.0983317545
1027,1927,24.1666011323
1028,1928,-66.1278199241
1029,1929,21.4026400552
1030,1930,54.9115861275
1031,1931,-47.6157750651
1032,1932,-17.2923682698
1033,1933,-7.02654106351
1034,1934,12.0939509186
1035,1935,-29.4093535549
1036,1936,-20.2876543496
1037,1937,31.3085834287
1038,1938,-39.3153648229
1039,1939,26.1667273787
1040,1940,39.8432816666
1041,1941,32.8996597907
1042,1942,-73.6806792964
1043,1943,-26.1769974243
1044,1944,35.8286135727
1045,1945,15.5564853186
1046,1946,-23.6177078808
1047,1947,-29.1309637794
1048,1948,22.0235522164
1049,1949,84.7715500333
1050,1950,78.0747666085
1051,1951,8.80674421173
1052,1952,1.41629989338
1053,1953,7.27545610302
1054,1954,3.57232029575
1055,1955,3.37275981766
1056,1956,-14.1560440232
1057,1957,-24.1855444912
1058,1958,47.8191111944
1059,1959,-20.7707572863
1060,1960,-76.1165360501
1061,1961,-99.3419470926
1062,1962,47.8591935101
1063,1963,-29.114273085
1064,1964,41.0017483861
1065,1965,23.6394400293
1066,1966,-16.0900734702
1067,1967,46.6298394478
1068,1968,-14.6184856052
1069,1969,-41.6034313509
1070,1970,125.30357192
1071,1971,10.3721632553
1072,1972,-6.95820167264
1073,1973,21.3867750008
1074,1974,-87.2529931647
1075,1975,-10.4281325451
1076,1976,24.5407466189
1077,1977,52.0785541846
1078,1978,0.917442980403
1079,1979,3.98447816359
1080,1980,48.0140913831
1081,1981,8.99465616831
1082,1982,38.2846211486
1083,1983,87.3112101335
1084,1984,-36.0960313253
1085,1985,-33.9489463138
1086,1986,160.86339651
1087,1987,-40.8058545969
1088,1988,-43.953480767
1089,1989,15.8532289655
1090,1990,-19.361167153
1091,1991,40.2064613684
1092,1992,39.6316563411
1093,1993,-15.1498850044
1094,1994,-124.244183523
1095,1995,59.7531098364
1096,1996,-8.9281183508
1097,1997,-31.1262399361
1098,1998,-70.3102496576
1099,1999,28.5592349499
1100,2000,-45.0644234579
1101,2001,84.2629261439
1102,2002,10.1707287159
1103,2003,-40.520055173
1104,2004,-47.3306101387
1105,2005,54.1413544772
1106,2006,23.6615865911
1107,2007,-5.96028291062
1108,2008,-39.2136369267
1109,2009,-27.1991039853
1110,2010,23.5090226356
1111,2011,99.3830471329
1112,2012,16.00291554
1113,2013,-28.0661259649
1114,2014,-12.9825581138
1115,2015,51.1458609151
1116,2016,-26.9729895404
1117,2017,26.4793912392
1118,2018,13.0441892725
1119,2019,-11.6270551706
1120,2020,-6.57278468584
1121,2021,-36.274276735
1122,2022,-3.10717890769
1123,2023,6.1824667439
1124,2024,108.319485784
1125,2025,27.2325172618
1126,2026,0.0734421572552
1127,2027,15.6857206832
1128,2028,-124.680052931
1129,2029,-18.1661819966
1130,2030,22.7344655587
1131,2031,86.549540171
1132,2032,22.3062294039
1133,2033,-15.5145898613
1134,2034,125.898423704
1135,2035,74.2612340879
1136,2036,38.2901112481
1137,2037,-2.04471812525
1138,2038,-8.04679619825
1139,2039,7.93615962096
1140,2040,-29.0885928778
1141,2041,26.710264054
1142,2042,3.90264157517
1143,2043,31.0982560863
1144,2044,-7.23048271379
1145,2045,59.0258584053
1146,2046,9.67753278187
1147,2047,8.13621443552
1148,2048,27.150066476
1149,2049,-120.653782445
1150,2050,-52.3108599323
1151,2051,9.79221651361
1152,2052,-31.9510227012
1153,2053,3.5333761038
1154,2054,-8.49964213486
1155,2055,19.6990393999
1156,2056,29.6453893322
1157,2057,1.7365175658
1158,2058,-42.2222696986
1159,2059,1.15898970201
1160,2060,16.2552280071
1161,2061,-9.81690821395
1162,2062,13.1765249732
1163,2063,85.7685861599
1164,2064,-13.4139513717
1165,2065,13.3643175647
1166,2066,50.8781511343
1167,2067,-33.8969315061
1168,2068,94.3110053628
1169,2069,-57.7751497313
1170,2070,-39.3444672923
1171,2071,19.9634926556
1172,2072,-32.6995159473
1173,2073,69.4663549608
1174,2074,95.7024246952
1175,2075,3.60054345878
1176,2076,51.3800151222
1177,2077,24.5968601768
1178,2078,-7.43354744708
1179,2079,100.005425596
1180,2080,-62.9852144441
1181,2081,-13.61023683
1182,2082,96.2113790947
1183,2083,54.4612180774
1184,2084,-74.7134073471
1185,2085,-4.47730722844
1186,2086,23.6155671803
1187,2087,-37.6942705901
1188,2088,-77.9474239825
1189,2089,-23.8077086721
1190,2090,-15.7572532597
1191,2091,70.2398243666
1192,2092,-22.8124934141
1193,2093,-18.6051255493
1194,2094,4.18399738183
1195,2095,10.6068224066
1196,2096,5.01520084233
1197,2097,54.3522807321
1198,2098,-12.7126878252
1199,2099,0.0785416840833
1200,2100,4.95001545991
1201,2101,-21.5955903573
1202,2102,-19.2879052847
1203,2103,65.5435279243
1204,2104,-20.360913048
1205,2105,-29.9516569646
1206,2106,-1.7928398405
1207,2107,-2.87046500743
1208,2108,28.4620319739
1209,2109,-14.5374940053
1210,2110,-64.3567301322
1211,2111,-15.4340067737
1212,2112,10.3582537645
1213,2113,11.752742364
1214,2114,-39.6662814541
1215,2115,91.5052970218
1216,2116,-34.4283021084
1217,2117,-37.5795474531
1218,2118,25.0542084875
1219,2119,1.70904010717
1220,2120,-56.0400943209
1221,2121,-104.436929338
1222,2122,27.0777830598
1223,2123,-26.9578841921
1224,2124,-40.6244785238
1225,2125,45.8095585641
1226,2126,-3.8420826607
1227,2127,-6.46328945546
1228,2128,-13.0295382152
1229,2129,-137.903572561
1230,2130,15.2663875753
1231,2131,80.1243894908
1232,2132,-15.6001055993
1233,2133,86.3680070054
1234,2134,49.4695064688
1235,2135,-46.0977159748
1236,2136,6.8402146977
1237,2137,30.132298212
1238,2138,21.3934674654
1239,2139,64.2819345846
1240,2140,1.16056722164
1241,2141,-53.9183887176
1242,2142,57.7347473977
1243,2143,-2.64241381021
1244,2144,38.2132438284
1245,2145,-35.2482856575
1246,2146,-36.9318282076
1247,2147,15.7201429765
1248,2148,50.3188308145
1249,2149,-85.9751750258
1250,2150,-7.49284899571
1251,2151,-47.1636464646
1252,2152,-5.69594003511
1253,2153,31.933461872
1254,2154,122.910275346
1255,2155,67.1120971689
1256,2156,-34.5609661745
1257,2157,56.8439104721
1258,2158,-15.2265219049
1259,2159,-8.56322921706
1260,2160,-14.0585611584
1261,2161,48.4911444314
1262,2162,-61.6518137572
1263,2163,63.956020017
1264,2164,-38.3481233202
1265,2165,18.9210641342
1266,2166,12.722459938
1267,2167,87.7317887539
1268,2168,-71.5485962025
1269,2169,19.7222550055
1270,2170,47.4616628915
1271,2171,-12.3208940839
1272,2172,26.6192588504
1273,2173,26.4790839823
1274,2174,-26.9021854167
1275,2175,-4.47787885838
1276,2176,18.8388841263
1277,2177,-18.0118261791
1278,2178,5.03185426236
1279,2179,3.18235988982
1280,2180,81.1668694141
1281,2181,9.09016830002
1282,2182,-11.5202005802
1283,2183,23.4742688777
1284,2184,-28.8141466217
1285,2185,-57.030469952
1286,2186,45.661366805
1287,2187,122.104494607
1288,2188,59.3691117046
1289,2189,26.7138877173
1290,2190,11.1558652026
1291,2191,-96.2044230412
1292,2192,-14.438799095
1293,2193,-0.75121471356
1294,2194,-26.8288497029
1295,2195,-11.9701757917
1296,2196,-54.2388095857
1297,2197,-60.3637519457
1298,2198,-23.8965683504
1299,2199,-1.96743031271
1300,2200,79.4655041619
1301,2201,11.694312523
1302,2202,-11.908910395
1303,2203,9.60617999808
1304,2204,28.2123578223
1305,2205,15.7897272646
1306,2206,-37.259782774
1307,2207,46.5679855571
1308,2208,-12.4999013524
1309,2209,38.2808001734
1310,2210,74.993179239
1311,2211,39.1994667459
1312,2212,29.0740201075
1313,2213,-4.05588718947
1314,2214,44.8796224367
1315,2215,0.128836331601
1316,2216,38.407435528
1317,2217,8.62907463701
1318,2218,21.7848313327
1319,2219,30.4374108338
1320,2220,1.79096559322
1321,2221,8.99077410451
1322,2222,-29.030377462
1323,2223,-18.1557226083
1324,2224,1.70096109638
1325,2225,-21.3021440764
1326,2226,-47.4733355603
1327,2227,93.9028314427
1328,2228,-43.5208091231
1329,2229,-24.2398267314
1330,2230,11.3426463792
1331,2231,13.5629619793
1332,2232,-1.74028480075
1333,2233,4.08597114326
1334,2234,-137.272429134
1335,2235,-36.3800055738
1336,2236,11.0496339805
1337,2237,-65.3178934586
1338,2238,-24.3408302713
1339,2239,21.7961738848
1340,2240,34.5079658659
1341,2241,43.9685122117
1342,2242,-82.0046020861
1343,2243,12.9851032074
1344,2244,-8.48333193588
1345,2245,6.75404459208
1346,2246,-18.0870599088
1347,2247,-16.2301930315
1348,2248,22.0924674945
1349,2249,16.1129648015
1350,2250,34.6706066999
1351,2251,123.589776806
1352,2252,-52.2058435539
1353,2253,-91.7979727957
1354,2254,33.5118441447
1355,2255,36.5259870929
1356,2256,-0.553303029853
1357,2257,8.27711655127
1358,2258,-39.7559804663
1359,2259,-108.992619976
1360,2260,35.999928772
1361,2261,-99.0089490199
1362,2262,-5.75343698796
1363,2263,53.7315527478
1364,2264,14.1284175169
1365,2265,-0.773629241771
1366,2266,19.2076908245
1367,2267,15.3535064287
1368,2268,-92.2650966876
1369,2269,6.97220135454
1370,2270,3.50862211774
1371,2271,-23.637893891
1372,2272,-27.7973874194
1373,2273,2.21223940678
1374,2274,-3.55118506536
1375,2275,-11.3703135339
1376,2276,5.58731482138
1377,2277,9.30921461658
1378,2278,17.5298632214
1379,2279,-28.1273835068
1380,2280,-151.362548092
1381,2281,-38.3824940874
1382,2282,-98.7965313819
1383,2283,-29.1263642256
1384,2284,93.6791088033
1385,2285,-25.0280029527
1386,2286,51.1242730465
1387,2287,12.9841983514
1388,2288,-19.8191498157
1389,2289,-9.62020129025
1390,2290,9.33289401336
1391,2291,29.805869589
1392,2292,-0.417964133648
1393,2293,45.3338743316
1394,2294,-65.7376415213
1395,2295,-14.2528370286
1396,2296,-72.0854712156
1397,2297,-33.1669924113
1398,2298,-47.2812102093
1399,2299,-12.0932017521
1400,2300,19.856075612
1401,2301,-15.811571743
1402,2302,-39.1869445892
1403,2303,28.1162994501
1404,2304,-45.5420035559
1405,2305,92.4177127019
1406,2306,-9.41246498704
1407,2307,-64.311699025
1408,2308,-49.2318120932
1409,2309,-9.33486365758
1410,2310,77.7195950068
1411,2311,49.523269444
1412,2312,-2.8803172691
1413,2313,40.8676732011
1414,2314,-28.4580636511
1415,2315,-69.8415835127
1416,2316,21.9975768136
1417,2317,-100.171387836
1418,2318,64.6055674411
1419,2319,-7.01788021115
1420,2320,-66.2595857273
1421,2321,83.2316347193
1422,2322,31.5692479108
1423,2323,21.0055488754
1424,2324,50.3617419484
1425,2325,-56.3098796307
1426,2326,-41.8469738524
1427,2327,77.2924310311
1428,2328,-38.8518975587
1429,2329,-82.1631693539
1430,2330,35.9731738835
1431,2331,39.149268383
1432,2332,-15.3278337886
1433,2333,-83.9057692977
1434,2334,-79.1110626767
1435,2335,-2.64453023364
1436,2336,1.91021647554
1437,2337,2.04675691465
1438,2338,53.5231130835
1439,2339,-7.3986615585
1440,2340,60.6673640208
1441,2341,74.8810556583
1442,2342,-76.1845085151
1443,2343,-9.91450738596
1444,2344,-66.5497490787
1445,2345,-3.58194790295
1446,2346,4.28744179582
1447,2347,-0.628686341945
1448,2348,3.35323154293
1449,2349,-6.87529393465
1450,2350,17.6856109018
1451,2351,1.38362797611
1452,2352,-19.9584647964
1453,2353,-20.5855647785
1454,2354,-56.5742809873
1455,2355,-47.5888984706
1456,2356,44.0207684763
1457,2357,-3.38697236907
1458,2358,8.22636535572
1459,2359,-13.9115822063
1460,2360,56.5354496785
1461,2361,25.8326808117
1462,2362,-15.8422781865
1463,2363,-81.9246812563
1464,2364,4.26985551008
1465,2365,-26.7757821423
1466,2366,56.5348090255
1467,2367,17.515753093
1468,2368,10.9194085616
1469,2369,3.96094703381
1470,2370,27.4996818727
1471,2371,-12.934545039
1472,2372,53.764897932
1473,2373,63.0014328018
1474,2374,-11.1037788076
1475,2375,34.1810708285
1476,2376,20.8222580477
1477,2377,-9.58309221342
1478,2378,29.6753733005
1479,2379,-33.5409590998
1480,2380,-68.3310637346
1481,2381,5.51300417042
1482,2382,30.7550498247
1483,2383,40.6771010224
1484,2384,4.2717500867
1485,2385,12.003459862
1486,2386,23.7855225816
1487,2387,-33.4125326779
1488,2388,-41.6618580739
1489,2389,-33.8891651061
1490,2390,-23.4066916587
1491,2391,34.4915220636
1492,2392,80.1826630029
1493,2393,22.0952449461
1494,2394,-29.9560998144
1495,2395,13.5884394282
1496,2396,-24.0623288854
1497,2397,-39.8967224849
1498,2398,1.6887928442
1499,2399,-5.640389462
1500,2400,53.8774563913
1501,2401,24.2611828555
1502,2402,0.681035779878
1503,2403,29.7910902265
1504,2404,111.239293995
1505,2405,-2.76518161785
1506,2406,5.48177355116
1507,2407,47.5591700157
1508,2408,-7.02055016358
1509,2409,8.64173425257
1510,2410,-14.4617157232
1511,2411,-73.5543322619
1512,2412,-13.3143560525
1513,2413,38.8943561687
1514,2414,35.0144251414
1515,2415,-44.7129748781
1516,2416,51.0056108608
1517,2417,-51.7300127299
1518,2418,-2.99252353662
1519,2419,17.8080352869
1520,2420,-36.5847359447
1521,2421,-85.3028155681
1522,2422,-17.0614087421
1523,2423,-28.0887672475
1524,2424,109.348207249
1525,2425,-47.6009323733
1526,2426,-15.3232591102
1527,2427,-31.3768754995
1528,2428,1.17489440038
1529,2429,-53.4006792882
1530,2430,-119.403839166
1531,2431,-7.50039487282
1532,2432,105.887658007
1533,2433,86.80918138
1534,2434,-20.8010526693
1535,2435,3.05623707338
1536,2436,2.81577718556
1537,2437,10.40664731
1538,2438,-0.694598045725
1539,2439,9.76492671482
1540,2440,98.4010026323
1541,2441,22.5935947258
1542,2442,31.5294565146
1543,2443,-31.252823472
1544,2444,-113.799873716
1545,2445,43.5045434194
1546,2446,-58.776998518
1547,2447,-82.1281676329
1548,2448,-41.9494992714
1549,2449,5.51885049766
1550,2450,-18.5714558701
1551,2451,3.25018478214
1552,2452,36.8064897271
1553,2453,56.4444282316
1554,2454,46.3373576113
1555,2455,-4.36723187316
1556,2456,18.6317825939
1557,2457,-29.2759358053
1558,2458,84.2851989797
1559,2459,34.2520765899
1560,2460,86.6497266589
1561,2461,24.2135508802
1562,2462,13.8672498363
1563,2463,-15.4113530593
1564,2464,32.3762914269
1565,2465,37.6697133135
1566,2466,115.938342594
1567,2467,77.6350315364
1568,2468,1.43817851426
1569,2469,-6.22543933352
1570,2470,10.3575199751
1571,2471,30.0193464807
1572,2472,110.326745613
1573,2473,2.56569372997
1574,2474,-1.56076885039
1575,2475,60.1691569956
1576,2476,-48.911651638
1577,2477,18.3875542526
1578,2478,-42.440394164
1579,2479,-101.081525809
1580,2480,164.375167787
1581,2481,-13.8584281021
1582,2482,33.6337104671
1583,2483,-1.91220948148
1584,2484,48.580047461
1585,2485,53.7629468386
1586,2486,-51.2325336366
1587,2487,-41.0171511695
1588,2488,41.1404426495
1589,2489,-71.1929249907
1590,2490,-2.07456042921
1591,2491,-10.8194284817
1592,2492,35.0144028314
1593,2493,-1.35942140472
1594,2494,27.3544692054
1595,2495,18.4326057731
1596,2496,10.4300353939
1597,2497,1.97844105564
1598,2498,-42.269718791
1599,2499,-19.4566500316
1600,2500,87.6035335575
1601,2501,102.350457941
1602,2502,27.6705383018
1603,2503,56.7745398385
1604,2504,30.7700518582
1605,2505,230.02204401
1606,2506,8.49954841912
1607,2507,27.6106690676
1608,2508,100.952359261
1609,2509,-32.7555523617
1610,2510,13.8983426027
1611,2511,-3.92558234618
1612,2512,38.3965811851
1613,2513,-31.4829560964
1614,2514,74.6942488261
1615,2515,-84.5313403642
1616,2516,-8.85679338963
1617,2517,3.25732627485
1618,2518,91.2689529042
1619,2519,27.3264606931
1620,2520,93.0240723127
1621,2521,23.1964123952
1622,2522,-3.77763316697
1623,2523,-38.5522966652
1624,2524,-73.1226997437
1625,2525,72.7317947749
1626,2526,10.490332598
1627,2527,-42.0092286242
1628,2528,131.566224026
1629,2529,-7.69629138008
1630,2530,28.5623162679
1631,2531,53.832654454
1632,2532,6.24302495184
1633,2533,-24.5185433132
1634,2534,28.9705333977
1635,2535,67.194603583
1636,2536,6.1787263386
1637,2537,81.5138444569
1638,2538,-21.0243524013
1639,2539,-15.3459518127
1640,2540,-9.8058986625
1641,2541,-33.0988569679
1642,2542,-11.0585823822
1643,2543,89.1014742286
1644,2544,11.4721906378
1645,2545,55.8134533569
1646,2546,4.11317123148
1647,2547,1.70286662093
1648,2548,19.2304058765
1649,2549,-53.6598879649
1650,2550,-93.9929015165
1651,2551,47.7213579109
1652,2552,22.1368209137
1653,2553,22.4552044019
1654,2554,100.919250235
1655,2555,-31.4980568156
1656,2556,23.8254696953
1657,2557,-76.5755348497
1658,2558,92.87301632
1659,2559,37.7474962199
1660,2560,-46.996695949
1661,2561,7.00231121052
1662,2562,14.472596332
1663,2563,10.6278027038
1664,2564,-7.61681022056
1665,2565,11.9883847299
1666,2566,-60.4216821821
1667,2567,-26.8429227294
1668,2568,35.9284780153
1669,2569,123.803932919
1670,2570,115.82933898
1671,2571,5.5581287251
1672,2572,-49.9143337394
1673,2573,-9.63395120489
1674,2574,1.82786126835
1675,2575,-21.3624615446
1676,2576,-22.9415787906
1677,2577,18.6489001977
1678,2578,-28.8758877473
1679,2579,-12.1932893795
1680,2580,36.5382607161
1681,2581,19.1748634576
1682,2582,42.7963732127
1683,2583,-82.2076144871
1684,2584,-31.1546659773
1685,2585,-12.886786904
1686,2586,110.778322033
1687,2587,124.008115467
1688,2588,-46.1730796577
1689,2589,-21.3483473908
1690,2590,26.889613045
1691,2591,64.5900438633
1692,2592,-11.5653959198
1693,2593,-58.8395992289
1694,2594,-41.7693416227
1695,2595,-18.8551996197
1696,2596,-48.1827365832
1697,2597,-108.04711055
1698,2598,-16.5476184906
1699,2599,-10.2022160107
1700,2600,91.1809366901
1701,2601,61.8271000304
1702,2602,-5.80685832795
1703,2603,12.1164401959
1704,2604,19.9196901977
1705,2605,60.5848630144
1706,2606,4.77693540549
1707,2607,11.012590774
1708,2608,46.9756252462
1709,2609,-29.7550883361
1710,2610,-36.4795709417
1711,2611,-23.1123097606
1712,2612,61.6423739898
1713,2613,36.8711149396
1714,2614,63.9163890139
1715,2615,24.6451566616
1716,2616,82.3431206665
1717,2617,15.9889343485
1718,2618,35.4272374965
1719,2619,-63.3328860294
1720,2620,-10.6945617151
1721,2621,-63.0696829262
1722,2622,-42.9730289389
1723,2623,-60.6363893748
1724,2624,36.8492365185
1725,2625,-6.64508904579
1726,2626,32.2462752701
1727,2627,-34.4286894312
1728,2628,-48.7078957442
1729,2629,-21.8182946762
1730,2630,-22.3774488902
1731,2631,36.3815521499
1732,2632,-21.3952535599
1733,2633,-24.7628121102
1734,2634,40.1266952137
1735,2635,25.7740984485
1736,2636,2.57463666587
1737,2637,36.7011843917
1738,2638,-48.8862070353
1739,2639,20.3732443254
1740,2640,-65.6507928982
1741,2641,14.4915254711
1742,2642,-49.9779899325
1743,2643,-71.011365862
1744,2644,45.2748407539
1745,2645,10.2810841636
1746,2646,65.3722874749
1747,2647,-3.96199806779
1748,2648,71.4429270483
1749,2649,37.986498411
1750,2650,76.7385643683
1751,2651,25.2590080033
1752,2652,-12.4783601023
1753,2653,-32.3296221395
1754,2654,57.4500874671
1755,2655,9.39433230758
1756,2656,2.64669287185
1757,2657,94.9596816035
1758,2658,-46.47178426
1759,2659,195.927760856
1760,2660,-2.49531954912
1761,2661,56.6662076904
1762,2662,6.35313527569
1763,2663,-0.0933982293561
1764,2664,2.79369989784
1765,2665,1.31382244735
1766,2666,-21.9773810681
1767,2667,-13.1902586829
1768,2668,29.3794973385
1769,2669,9.66619567488
1770,2670,70.4716702916
1771,2671,24.7417632267
1772,2672,-48.7741509974
1773,2673,20.2261796081
1774,2674,2.18542068077
1775,2675,89.9327028916
1776,2676,28.4260085607
1777,2677,57.0263738918
1778,2678,32.0479192528
1779,2679,-24.6836457124
1780,2680,-6.65186579481
1781,2681,7.23832787032
1782,2682,27.4419618044
1783,2683,77.9103192533
1784,2684,35.0556985946
1785,2685,-1.79073231787
1786,2686,153.554203452
1787,2687,-41.3300208205
1788,2688,-66.9967328477
1789,2689,-4.41033083478
1790,2690,-3.06001997686
1791,2691,45.6962869159
1792,2692,107.953513254
1793,2693,-73.1155479435
1794,2694,12.9077860224
1795,2695,38.191163651
1796,2696,59.4540338373
1797,2697,33.5858373323
1798,2698,-29.8648933586
1799,2699,70.4074655242
1800,2700,37.8815465091
1801,2701,73.9478942769
1802,2702,-22.0497721955
1803,2703,-3.96872306564
1804,2704,9.24482352999
1805,2705,4.35733265475
1806,2706,-5.74281034458
1807,2707,11.2665990045
1808,2708,-77.6344921151
1809,2709,-13.7602872866
1810,2710,28.2626989677
1811,2711,44.5746083374
1812,2712,24.8307836244
1813,2713,39.5747438979
1814,2714,-3.84056765421
1815,2715,-5.80843253388
1816,2716,-20.2464480195
1817,2717,-10.0279400166
1818,2718,25.7381205966
1819,2719,9.40662182498
1820,2720,56.513653189
1821,2721,24.5767246191
1822,2722,36.7739041757
1823,2723,-38.9815866382
1824,2724,-22.7585781857
1825,2725,28.2237414797
1826,2726,-29.6643449274
1827,2727,-20.6150490211
1828,2728,-34.8177655215
1829,2729,17.7171382387
1830,2730,148.85302721
1831,2731,-23.8514591154
1832,2732,-1.75340011296
1833,2733,15.2084928251
1834,2734,49.3578915128
1835,2735,35.8062984385
1836,2736,86.4968965996
1837,2737,-69.9279592851
1838,2738,-13.0708491134
1839,2739,-14.8682772909
1840,2740,-13.607994908
1841,2741,23.2622577335
1842,2742,-27.2860548979
1843,2743,-40.9202480051
1844,2744,-0.478984566567
1845,2745,55.4744487202
1846,2746,-5.57861890715
1847,2747,-9.15572986881
1848,2748,8.46991759235
1849,2749,4.97925378498
1850,2750,-47.8948962664
1851,2751,5.21396344178
1852,2752,1.92672384022
1853,2753,-6.6721859851
1854,2754,0.342223195524
1855,2755,-37.9847959492
1856,2756,-27.6841833436
1857,2757,11.3153394953
1858,2758,43.1013758389
1859,2759,0.664249756245
1860,2760,18.7807797265
1861,2761,8.52857624481
1862,2762,-9.48183274266
1863,2763,-7.21968055387
1864,2764,-28.6720244304
1865,2765,23.6677842445
1866,2766,94.9687741795
1867,2767,-36.0916205477
1868,2768,-16.8982797266
1869,2769,35.3700267777
1870,2770,27.2039108576
1871,2771,4.93451651644
1872,2772,-5.56631650945
1873,2773,-16.9776547102
1874,2774,-35.159737017
1875,2775,53.441656001
1876,2776,-1.57832984498
1877,2777,43.5559151028
1878,2778,-67.3362672575
1879,2779,-134.630059395
1880,2780,-7.37184835917
1881,2781,-12.3753029361
1882,2782,31.504613601
1883,2783,35.1976002766
1884,2784,-55.8510286875
1885,2785,16.1423079618
1886,2786,8.90564390479
1887,2787,79.0731262964
1888,2788,-60.7071864731
1889,2789,63.572204123
1890,2790,8.0502918737
1891,2791,15.1988788278
1892,2792,-95.4556318131
1893,2793,-14.3840114964
1894,2794,-2.27219851991
1895,2795,-59.1378711232
1896,2796,-23.3983698618
1897,2797,49.1590403103
1898,2798,39.3368254906
1899,2799,50.6648353931
1900,2800,-5.49054036582
1901,2801,-169.590975903
1902,2802,39.4256230985
1903,2803,29.0975823694
1904,2804,35.2538905754
1905,2805,-36.6748907352
1906,2806,50.5290550371
1907,2807,8.13888193223
1908,2808,-14.3499105315
1909,2809,23.1953594177
1910,2810,66.3540670449
1911,2811,-186.855966155
1912,2812,17.468686583
1913,2813,-12.5906484892
1914,2814,-49.4326778482
1915,2815,-9.53662593049
1916,2816,25.9803647159
1917,2817,-7.33576500239
1918,2818,-20.2188761939
1919,2819,-37.2961961963
1920,2820,-10.5634454348
1921,2821,5.16083360642
1922,2822,2.5344474652
1923,2823,-29.1755692442
1924,2824,106.49483415
1925,2825,-59.3138969927
1926,2826,-8.58301843623
1927,2827,60.1397973416
1928,2828,-38.3766043937
1929,2829,-43.6199551946
1930,2830,-11.8171600002
1931,2831,0.185629235429
1932,2832,-29.6594891326
1933,2833,102.737951863
1934,2834,76.7515094276
1935,2835,16.8505090947
1936,2836,-18.4902718374
1937,2837,22.883097594
1938,2838,-44.6363576095
1939,2839,22.6889436248
1940,2840,-26.506520468
1941,2841,6.26614142107
1942,2842,-32.873056814
1943,2843,14.5855648314
1944,2844,2.65867661804
1945,2845,33.7865260068
1946,2846,38.36457325
1947,2847,33.9754703024
1948,2848,35.0147235574
1949,2849,62.4719060023
1950,2850,-0.0442669965424
1951,2851,-39.8629251042
1952,2852,-7.76453017602
1953,2853,6.27935632726
1954,2854,-3.43305093584
1955,2855,34.2524839064
1956,2856,-14.7358507819
1957,2857,57.5466633508
1958,2858,25.6744486795
1959,2859,10.2673010734
1960,2860,-11.24156539
1961,2861,26.466964167
1962,2862,-55.5139015116
1963,2863,243.422201778
1964,2864,46.8103029108
1965,2865,-42.2305019628
1966,2866,-36.0907909217
1967,2867,78.3773370064
1968,2868,20.192483697
1969,2869,41.7936015452
1970,2870,4.42198261728
1971,2871,21.132254779
1972,2872,25.5136257932
1973,2873,8.07169193063
1974,2874,1.285401415
1975,2875,-6.72971709262
1976,2876,66.6490993392
1977,2877,31.0623320494
1978,2878,-52.0900129197
1979,2879,-42.5722496982
1980,2880,53.3251356459
1981,2881,-43.6645921074
1982,2882,-32.1427559836
1983,2883,48.7953462194
1984,2884,38.2324192764
1985,2885,-93.9827650147
1986,2886,79.2171277776
1987,2887,5.20865726997
1988,2888,-3.98303612098
1989,2889,14.4486760761
1990,2890,-19.5808797491
1991,2891,16.8044520542
1992,2892,-19.814988091
1993,2893,9.65145138226
1994,2894,9.20064674024
1995,2895,9.6843897953
1996,2896,-2.07584433833
1997,2897,17.690774452
1998,2898,28.6378602053
1999,2899,39.0125763791
